{
  "convergence": {
    "converged": true,
    "iterations": 2,
    "final_likelihood": -12819.658075060406
  },
  "continuous_parameters": {
    "variables": [
      "f1_bw",
      "f0_m_age",
      "f0_m_bmi_prepreg",
      "f0_m_ht",
      "f0_m_wt_prepreg"
    ],
    "mean_vector": [
      2575.6762774691647,
      21.307752616709067,
      17.966872698330572,
      151.5762902569457,
      41.31207367687516
    ],
    "covariance_matrix": [
      [
        164578.6049643617,
        227.52856142921212,
        17.072884875871267,
        800.6199586888766,
        478.8389008138323
      ],
      [
        227.52856142921212,
        12.334595677111578,
        -0.3999854113472299,
        2.357100592821611,
        0.38231278586504147
      ],
      [
        17.072884875871267,
        -0.3999854113472299,
        8.517011253481373,
        -13.40384250942029,
        12.36029525637427
      ],
      [
        800.6199586888766,
        2.357100592821611,
        -13.40384250942029,
        90.18462252828174,
        18.252815013873573
      ],
      [
        478.8389008138323,
        0.38231278586504147,
        12.36029525637427,
        18.252815013873573,
        38.59085079529776
      ]
    ]
  }
}