{
    "features": [
        "f0_m_GA_Del",
        "f0_m_plac_wt",
        "f0_m_fundal_ht_v2",
        "f0_m_abd_cir_v2",
        "f0_m_g_sc_v2",
        "f0_m_glu_f_v2",
        "f0_m_pulse_r1_v2",
        "f0_f_plt_ini",
        "f0_f_head_cir_ini",
        "f0_m_parity_v1",
        "f0_m_r4_v2",
        "f0_m_rcf_v2",
        "f0_m_g_sc_v1",
        "f0_m_wt_prepreg",
        "f0_m_l_sc_v1",
        "f0_m_waist_circ_v1",
        "f0_m_wt_v2",
        "f0_m_h_sc_v2",
        "f0_m_o1_sc_v1",
        "f0_m_plt_v1",
        "f0_m_lunch_fat_v2",
        "f0_m_rotis_fat_v1",
        "f0_m_iron_fve_v1",
        "f0_m_fer_v2",
        "f0_f_ferr_ini",
        "f0_m_h7_sc_v1",
        "f0_m_cal_ch_v2",
        "f0_m_j7_sc_v2",
        "f0_m_d3_sc_v2",
        "f0_f_ly_perc_ini"
    ],
    "best_params": {
        "colsample_bytree": 0.9895022075365837,
        "gamma": 0.11638567021515211,
        "learning_rate": 0.02812128690656416,
        "max_depth": 8,
        "min_child_weight": 3,
        "n_estimators": 975,
        "reg_alpha": 0.2571172192068058,
        "reg_lambda": 1.0924145688620426,
        "subsample": 0.6185801650879991
    },
    "train_metrics": {
        "RMSE": 1.0334843594816274,
        "MAE": 0.586875099856695,
        "R2": 0.99999347982761
    },
    "test_metrics": {
        "RMSE": 228.61985144354423,
        "MAE": 179.80429914630648,
        "R2": 0.685991572731057
    }
}