{
  "phase": "Phase 4: Model Optimization and Validation",
  "optimization_date": "2025-10-24T11:47:12.436350",
  "cross_validation_results": {
    "XGBoost": {
      "mean_rmse": 192.14938428687992,
      "std_rmse": 14.458158351836216,
      "scores": [
        186.8963033501468,
        168.61497472302577,
        192.90619807528498,
        200.23613781162197,
        212.09330747432
      ]
    },
    "Random Forest": {
      "mean_rmse": 209.49995907317603,
      "std_rmse": 7.1353641428804675,
      "scores": [
        206.76265993810458,
        205.8696366071996,
        204.95421414545777,
        206.19078590329627,
        223.72249877182188
      ]
    }
  },
  "feature_selection_results": {
    "optimal_k": 30,
    "selected_features": [
      "f0_m_int_sin_ma",
      "f0_m_age",
      "f0_m_ht",
      "f0_m_bi_v1",
      "f0_m_fundal_ht_v2",
      "f0_m_abd_cir_v2",
      "f0_m_wt_v2",
      "f0_m_rcf_v2",
      "f0_m_GA_Del",
      "f0_m_plac_wt",
      "LBW_flag",
      "bmi_height_interaction",
      "age_parity_interaction",
      "wt_ht_interaction",
      "bmi_age_interaction",
      "f0_m_ht_normalized",
      "nutritional_status",
      "f0_m_age_normalized",
      "pregnancy_risk_score",
      "f0_m_GA_Del_normalized",
      "gestational_health_index",
      "wt_ht_ratio",
      "bmi_age_ratio",
      "plac_bw_ratio",
      "f0_m_age_squared",
      "f0_m_age_sqrt",
      "f0_m_ht_squared",
      "f0_m_wt_prepreg_squared",
      "f0_m_GA_Del_squared",
      "f0_m_GA_Del_sqrt"
    ],
    "performance_by_k": {
      "10": {
        "val_rmse": 192.10222164905318,
        "val_mae": 156.189819305901,
        "val_r2": 0.7482982009422371
      },
      "15": {
        "val_rmse": 128.80459089605307,
        "val_mae": 94.27444196667996,
        "val_r2": 0.8868422691702647
      },
      "20": {
        "val_rmse": 128.88009535655746,
        "val_mae": 88.88103872544211,
        "val_r2": 0.8867095655522719
      },
      "25": {
        "val_rmse": 125.50301139522585,
        "val_mae": 89.61385701680751,
        "val_r2": 0.8925689456286152
      },
      "30": {
        "val_rmse": 120.46578904047692,
        "val_mae": 84.86857355122567,
        "val_r2": 0.9010196457341261
      }
    }
  },
  "best_models": {
    "xgboost": {
      "model_file": "Models/optimized_xgboost_model.pkl",
      "cv_rmse": 192.14938428687992
    },
    "random_forest": {
      "model_file": "Models/optimized_random_forest_model.pkl",
      "cv_rmse": 209.49995907317603
    }
  }
}