{
  "model_type": "RandomForest_Optimized_PMNS_Variables",
  "num_features": 18,
  "features": [
    "f0_m_parity_v1",
    "f0_m_wt_prepreg",
    "f0_m_fundal_ht_v2",
    "f0_m_abd_cir_v2",
    "f0_m_wt_v2",
    "f0_m_r4_v2",
    "f0_m_lunch_cal_v1",
    "f0_m_p_sc_v1",
    "f0_m_o_sc_v1",
    "f0_m_pulse_r1_v2",
    "f0_m_pulse_r2_v2",
    "f0_m_glu_f_v2",
    "f0_m_rcf_v2",
    "f0_m_g_sc_v1",
    "f0_f_head_cir_ini",
    "f0_f_plt_ini",
    "f1_sex",
    "f0_m_age_eld_child"
  ],
  "best_hyperparameters": {
    "n_estimators": 300,
    "min_samples_split": 5,
    "min_samples_leaf": 4,
    "max_features": "sqrt",
    "max_depth": 10,
    "bootstrap": true
  },
  "best_cv_rmse": 358.5798235994559,
  "performance_metrics": {
    "train": {
      "RMSE": 238.12107801071502,
      "MAE": 175.37286304905152,
      "R\u00b2": 0.6604444666735733,
      "MAPE": 7.604490096468918,
      "Correlation": 0.901519327796999,
      "P-value": 8.094047798110253e-174,
      "Sample_Size": 474
    },
    "validation": {
      "RMSE": 227.74141643134695,
      "MAE": 173.27067079925052,
      "R\u00b2": 0.6634629889067014,
      "MAPE": 6.954152621177368,
      "Correlation": 0.888831364856666,
      "P-value": 9.65652077661985e-55,
      "Sample_Size": 158
    },
    "test": {
      "RMSE": 362.7503714123232,
      "MAE": 285.15591540126013,
      "R\u00b2": 0.20945033526206636,
      "MAPE": 12.000475415083327,
      "Correlation": 0.46514074099633324,
      "P-value": 6.526106560215315e-10,
      "Sample_Size": 159
    }
  },
  "timestamp": "20251213_215915"
}