{
  "model_type": "XGBoost_Optimized_PMNS_Variables",
  "num_features": 18,
  "features": [
    "f0_m_parity_v1",
    "f0_m_wt_prepreg",
    "f0_m_fundal_ht_v2",
    "f0_m_abd_cir_v2",
    "f0_m_wt_v2",
    "f0_m_r4_v2",
    "f0_m_lunch_cal_v1",
    "f0_m_p_sc_v1",
    "f0_m_o_sc_v1",
    "f0_m_pulse_r1_v2",
    "f0_m_pulse_r2_v2",
    "f0_m_glu_f_v2",
    "f0_m_rcf_v2",
    "f0_m_g_sc_v1",
    "f0_f_head_cir_ini",
    "f0_f_plt_ini",
    "f1_sex",
    "f0_m_age_eld_child"
  ],
  "best_hyperparameters": {
    "subsample": 0.6,
    "n_estimators": 100,
    "min_child_weight": 7,
    "max_depth": 4,
    "learning_rate": 0.05,
    "gamma": 0.3,
    "colsample_bytree": 0.8
  },
  "best_cv_rmse": 354.1626090468679,
  "performance_metrics": {
    "train": {
      "RMSE": 224.5856631103299,
      "MAE": 168.0315729106721,
      "R\u00b2": 0.6979497569841662,
      "MAPE": 7.196573774785316,
      "Correlation": 0.8796728112159926,
      "P-value": 1.859574291905491e-154,
      "Sample_Size": 474
    },
    "validation": {
      "RMSE": 222.35917369489687,
      "MAE": 172.79810277546474,
      "R\u00b2": 0.6791818711742219,
      "MAPE": 6.937646546520143,
      "Correlation": 0.8514272509713611,
      "P-value": 1.413417946410231e-45,
      "Sample_Size": 158
    },
    "test": {
      "RMSE": 354.694209085804,
      "MAE": 278.40088857035715,
      "R\u00b2": 0.24417435504639118,
      "MAPE": 11.701196500311195,
      "Correlation": 0.5014871712299881,
      "P-value": 1.6588014598131947e-11,
      "Sample_Size": 159
    }
  },
  "timestamp": "20251213_215731"
}