{
  "model_type": "XGBoost_Optimized_PMNS_Variables",
  "num_features": 20,
  "features": [
    "f0_m_parity_v1",
    "f0_m_wt_prepreg",
    "f0_m_fundal_ht_v2",
    "f0_m_abd_cir_v2",
    "f0_m_wt_v2",
    "f0_m_r4_v2",
    "f0_m_lunch_cal_v1",
    "f0_m_p_sc_v1",
    "f0_m_o_sc_v1",
    "f0_m_pulse_r1_v2",
    "f0_m_pulse_r2_v2",
    "f0_m_glu_f_v2",
    "f0_m_rcf_v2",
    "f0_m_g_sc_v1",
    "f0_m_plac_wt",
    "f0_m_GA_Del",
    "f0_f_head_cir_ini",
    "f0_f_plt_ini",
    "f1_sex",
    "f0_m_age_eld_child"
  ],
  "best_hyperparameters": {
    "subsample": 0.6,
    "n_estimators": 100,
    "min_child_weight": 7,
    "max_depth": 4,
    "learning_rate": 0.05,
    "gamma": 0.3,
    "colsample_bytree": 0.8
  },
  "best_cv_rmse": 252.15477590878263,
  "performance_metrics": {
    "train": {
      "RMSE": 158.57788989536732,
      "MAE": 123.46646292872757,
      "R\u00b2": 0.8494085200686725,
      "MAPE": 5.045800711780676,
      "Correlation": 0.9297722208378899,
      "P-value": 5.646189582637317e-207,
      "Sample_Size": 474
    },
    "validation": {
      "RMSE": 146.0944761866377,
      "MAE": 109.48145717073145,
      "R\u00b2": 0.8615106459124485,
      "MAPE": 4.225838755403119,
      "Correlation": 0.9339851106911179,
      "P-value": 1.286330152377788e-71,
      "Sample_Size": 158
    },
    "test": {
      "RMSE": 218.8981579174827,
      "MAE": 172.48426407782821,
      "R\u00b2": 0.712129182542425,
      "MAPE": 6.989123352135963,
      "Correlation": 0.8440099360658265,
      "P-value": 2.49103681678195e-44,
      "Sample_Size": 159
    }
  },
  "timestamp": "20251206_125917"
}