{
  "model_type": "RandomForest_Baseline_Top25",
  "num_features": 25,
  "features": [
    "f0_m_GA_Del",
    "f0_m_plac_wt",
    "f0_m_abd_cir_v2",
    "f0_m_wt_v2",
    "f0_m_fundal_ht_v2",
    "f0_m_hip_circ_v2",
    "f0_m_rcf_v2",
    "f0_m_ht",
    "f0_m_bmi_v2",
    "f0_m_wt_prepreg",
    "f0_m_snacks_sc_v1",
    "f0_m_waist_circ_v2",
    "f0_m_j8_sc_v1",
    "f0_m_f10_sc_v1",
    "f0_m_bmi_6yr",
    "f0_m_age",
    "f0_m_m2_sc_v1",
    "f0_m_n_sc_v1",
    "f0_m_g1_sc_v2",
    "f0_m_o_sc_v1",
    "f0_m_g_sc_v2",
    "f0_f_wt_ini",
    "f0_m_glv_sc_v",
    "f0_m_p10_sc_v1",
    "f0_m_d1_sc_v1"
  ],
  "parameters": "Default (n_estimators=100, max_depth=None)",
  "performance_metrics": {
    "train": {
      "RMSE": 105.35488771319027,
      "MAE": 81.4401690416593,
      "R\u00b2": 0.9335301790114501,
      "MAPE": 3.3344526997551083,
      "Correlation": 0.9753274788392462,
      "P-value": 8.105197375353e-312,
      "Sample_Size": 474
    },
    "validation": {
      "RMSE": 254.3543588448207,
      "MAE": 196.4896861503109,
      "R\u00b2": 0.5802147570032504,
      "MAPE": 7.715620869894913,
      "Correlation": 0.7655568260700678,
      "P-value": 1.0926694464422736e-31,
      "Sample_Size": 158
    },
    "test": {
      "RMSE": 241.827348199484,
      "MAE": 192.57615607829248,
      "R\u00b2": 0.6486627040810398,
      "MAPE": 7.638884367494943,
      "Correlation": 0.8071397602021271,
      "P-value": 9.126503863840949e-38,
      "Sample_Size": 159
    }
  },
  "timestamp": "20251206_142811"
}